id;nom;description
1;vortals;../fake-data/blob/hipster.txt
2;Laos;../fake-data/blob/hipster.txt
3;Jewelery Costa programming;../fake-data/blob/hipster.txt
4;Soft local;../fake-data/blob/hipster.txt
5;Picardie;../fake-data/blob/hipster.txt
6;collaborative e-markets turquoise;../fake-data/blob/hipster.txt
7;Rubber human-resource;../fake-data/blob/hipster.txt
8;Outdoors Papouasie-Nouvelle-Guinée;../fake-data/blob/hipster.txt
9;SAS synergize;../fake-data/blob/hipster.txt
10;Micronésie;../fake-data/blob/hipster.txt
